{"cameraMode":{"drawMode":0,"name":"Shaded","section":"Shading Mode"},"sceneLighting":true,"audioPlay":false,"sceneViewState":{"m_AlwaysRefresh":false,"showFog":true,"showSkybox":true,"showFlares":true,"showImageEffects":true,"showParticleSystems":true,"showVisualEffectGraphs":true,"m_FxEnabled":true},"in2DMode":false,"pivot":{"x":-0.6631065607070923,"y":1.3234522342681885,"z":0.10315459966659546},"rotation":{"x":0.24814283847808839,"y":-0.23794183135032655,"z":0.06303618848323822,"w":0.9369538426399231},"size":2.0606138706207277,"orthographic":true}