{"cameraMode":{"drawMode":0,"name":"Shaded","section":"Shading Mode"},"sceneLighting":true,"audioPlay":false,"sceneViewState":{"m_AlwaysRefresh":false,"showFog":true,"showSkybox":true,"showFlares":true,"showImageEffects":true,"showParticleSystems":true,"showVisualEffectGraphs":true,"m_FxEnabled":true},"in2DMode":false,"pivot":{"x":-1.1734942197799683,"y":0.5684176683425903,"z":0.7849171161651611},"rotation":{"x":-0.1759333461523056,"y":-0.06992475688457489,"z":0.012507126666605473,"w":-0.9818578958511353},"size":0.9413766264915466,"orthographic":false}