{"cameraMode":{"drawMode":0,"name":"Shaded","section":"Shading Mode"},"sceneLighting":true,"audioPlay":false,"sceneViewState":{"m_AlwaysRefresh":false,"showFog":true,"showSkybox":true,"showFlares":true,"showImageEffects":true,"showParticleSystems":true,"showVisualEffectGraphs":true,"m_FxEnabled":true},"in2DMode":false,"pivot":{"x":-0.5626758933067322,"y":3.2434158325195314,"z":-0.18282628059387208},"rotation":{"x":0.07750242948532105,"y":0.5043466091156006,"z":-0.04551404342055321,"w":0.8588114380836487},"size":3.2802836894989015,"orthographic":true}