{"cameraMode":{"drawMode":0,"name":"Shaded","section":"Shading Mode"},"sceneLighting":true,"audioPlay":false,"sceneViewState":{"m_AlwaysRefresh":false,"showFog":true,"showSkybox":true,"showFlares":true,"showImageEffects":true,"showParticleSystems":true,"showVisualEffectGraphs":true,"m_FxEnabled":true},"in2DMode":false,"pivot":{"x":-1.9499406814575196,"y":1.6733593940734864,"z":0.20128726959228517},"rotation":{"x":0.1470738649368286,"y":-0.06197301670908928,"z":0.00925214122980833,"w":0.987156867980957},"size":1.900673508644104,"orthographic":true}