{"cameraMode":{"drawMode":0,"name":"Shaded","section":"Shading Mode"},"sceneLighting":true,"audioPlay":false,"sceneViewState":{"m_AlwaysRefresh":false,"showFog":true,"showSkybox":true,"showFlares":true,"showImageEffects":true,"showParticleSystems":true,"showVisualEffectGraphs":true,"m_FxEnabled":true},"in2DMode":false,"pivot":{"x":4.285801410675049,"y":-3.4973740577697756,"z":14.756854057312012},"rotation":{"x":0.17467698454856873,"y":-0.0943652018904686,"z":0.01682085171341896,"w":0.9799500703811646},"size":9.255891799926758,"orthographic":false}