{"cameraMode":{"drawMode":0,"name":"Shaded","section":"Shading Mode"},"sceneLighting":true,"audioPlay":false,"sceneViewState":{"m_AlwaysRefresh":false,"showFog":true,"showSkybox":true,"showFlares":true,"showImageEffects":true,"showParticleSystems":true,"showVisualEffectGraphs":true,"m_FxEnabled":true},"in2DMode":false,"pivot":{"x":-1.8392417430877686,"y":1.7337521314620972,"z":0.24654817581176759},"rotation":{"x":0.21254602074623109,"y":-0.08984658122062683,"z":0.019655119627714158,"w":0.9728482961654663},"size":2.184751272201538,"orthographic":true}