{"cameraMode":{"drawMode":0,"name":"Shaded","section":"Shading Mode"},"sceneLighting":true,"audioPlay":false,"sceneViewState":{"m_AlwaysRefresh":false,"showFog":true,"showSkybox":true,"showFlares":true,"showImageEffects":true,"showParticleSystems":true,"showVisualEffectGraphs":true,"m_FxEnabled":true},"in2DMode":false,"pivot":{"x":-1.9541277885437012,"y":0.9503658413887024,"z":1.8419837951660157},"rotation":{"x":-0.34439706802368166,"y":-0.0927230566740036,"z":0.03420502692461014,"w":-0.9336121678352356},"size":3.440394878387451,"orthographic":false}