{"cameraMode":{"drawMode":0,"name":"Shaded","section":"Shading Mode"},"sceneLighting":true,"audioPlay":false,"sceneViewState":{"m_AlwaysRefresh":false,"showFog":true,"showSkybox":true,"showFlares":true,"showImageEffects":true,"showParticleSystems":true,"showVisualEffectGraphs":true,"m_FxEnabled":false},"in2DMode":false,"pivot":{"x":-0.11946260929107666,"y":-0.23668980598449708,"z":1.5141921043395997},"rotation":{"x":0.21688798069953919,"y":0.02771095000207424,"z":-0.006444702390581369,"w":0.9759123921394348},"size":2.066349506378174,"orthographic":true}