{"cameraMode":{"drawMode":0,"name":"Shaded","section":"Shading Mode"},"sceneLighting":true,"audioPlay":false,"sceneViewState":{"m_AlwaysRefresh":false,"showFog":true,"showSkybox":true,"showFlares":true,"showImageEffects":true,"showParticleSystems":true,"showVisualEffectGraphs":true,"m_FxEnabled":true},"in2DMode":false,"pivot":{"x":-2.074169874191284,"y":0.4449042081832886,"z":-0.3894667327404022},"rotation":{"x":0.04354623705148697,"y":-0.9386026859283447,"z":0.12892358005046845,"w":0.31709176301956179},"size":1.2032617330551148,"orthographic":true}