{"cameraMode":{"drawMode":0,"name":"Shaded","section":"Shading Mode"},"sceneLighting":true,"audioPlay":false,"sceneViewState":{"m_AlwaysRefresh":false,"showFog":true,"showSkybox":true,"showFlares":true,"showImageEffects":true,"showParticleSystems":true,"showVisualEffectGraphs":true,"m_FxEnabled":true},"in2DMode":false,"pivot":{"x":0.28152719140052798,"y":0.22973449528217317,"z":0.477125883102417},"rotation":{"x":-0.1811007559299469,"y":-0.16639280319213868,"z":0.031109625473618509,"w":-0.9688015580177307},"size":6.537018775939941,"orthographic":false}