{"cameraMode":{"drawMode":0,"name":"Shaded","section":"Shading Mode"},"sceneLighting":true,"audioPlay":false,"sceneViewState":{"m_AlwaysRefresh":false,"showFog":true,"showSkybox":true,"showFlares":true,"showImageEffects":true,"showParticleSystems":true,"showVisualEffectGraphs":true,"m_FxEnabled":false},"in2DMode":false,"pivot":{"x":0.46286892890930178,"y":0.01789116859436035,"z":1.594067096710205},"rotation":{"x":0.2142016738653183,"y":-0.46967193484306338,"z":0.11833693087100983,"w":0.8483960032463074},"size":3.1273276805877687,"orthographic":true}