{"cameraMode":{"drawMode":0,"name":"Shaded","section":"Shading Mode"},"sceneLighting":true,"audioPlay":false,"sceneViewState":{"m_AlwaysRefresh":false,"showFog":true,"showSkybox":true,"showFlares":true,"showImageEffects":true,"showParticleSystems":true,"showVisualEffectGraphs":true,"m_FxEnabled":false},"in2DMode":false,"pivot":{"x":-0.3930630683898926,"y":0.8437374830245972,"z":-0.10208249092102051},"rotation":{"x":-0.17597271502017976,"y":-0.2670303285121918,"z":0.04979516193270683,"w":-0.9463023543357849},"size":3.290365695953369,"orthographic":true}