{"cameraMode":{"drawMode":0,"name":"Shaded","section":"Shading Mode"},"sceneLighting":true,"audioPlay":false,"sceneViewState":{"m_AlwaysRefresh":false,"showFog":true,"showSkybox":true,"showFlares":true,"showImageEffects":true,"showParticleSystems":true,"showVisualEffectGraphs":true,"m_FxEnabled":true},"in2DMode":false,"pivot":{"x":1088.1658935546875,"y":64.41839599609375,"z":-188.51707458496095},"rotation":{"x":-0.0020756276790052654,"y":0.9979273676872253,"z":0.047037091106176379,"w":0.04404911398887634},"size":182.18946838378907,"orthographic":true}