{"cameraMode":{"drawMode":0,"name":"Shaded","section":"Shading Mode"},"sceneLighting":true,"audioPlay":false,"sceneViewState":{"m_AlwaysRefresh":false,"showFog":true,"showSkybox":true,"showFlares":true,"showImageEffects":true,"showParticleSystems":true,"showVisualEffectGraphs":true,"m_FxEnabled":true},"in2DMode":false,"pivot":{"x":0.3460077941417694,"y":0.22600992023944856,"z":0.47571301460266116},"rotation":{"x":-0.08014015853404999,"y":0.1362394392490387,"z":-0.01116640493273735,"w":-0.9874624609947205},"size":2.0514678955078127,"orthographic":false}