{"cameraMode":{"drawMode":0,"name":"Shaded","section":"Shading Mode"},"sceneLighting":false,"audioPlay":false,"sceneViewState":{"m_AlwaysRefresh":false,"showFog":true,"showSkybox":true,"showFlares":true,"showImageEffects":true,"showParticleSystems":true,"showVisualEffectGraphs":true,"m_FxEnabled":true},"in2DMode":false,"pivot":{"x":0.14490538835525514,"y":-0.2810596227645874,"z":-0.10886044800281525},"rotation":{"x":-0.18011732399463654,"y":0.06457078456878662,"z":-0.011842186562716961,"w":-0.9814697504043579},"size":1.8119953870773316,"orthographic":false}