{"cameraMode":{"drawMode":0,"name":"Shaded","section":"Shading Mode"},"sceneLighting":true,"audioPlay":false,"sceneViewState":{"m_AlwaysRefresh":false,"showFog":true,"showSkybox":true,"showFlares":true,"showImageEffects":true,"showParticleSystems":true,"showVisualEffectGraphs":true,"m_FxEnabled":true},"in2DMode":false,"pivot":{"x":0.28152719140052798,"y":0.22973449528217317,"z":0.477125883102417},"rotation":{"x":-0.19219563901424409,"y":0.1358318328857422,"z":-0.026865264400839807,"w":-0.9715533256530762},"size":1.420600175857544,"orthographic":false}