{"cameraMode":{"drawMode":0,"name":"Shaded","section":"Shading Mode"},"sceneLighting":false,"audioPlay":false,"sceneViewState":{"m_AlwaysRefresh":false,"showFog":true,"showSkybox":true,"showFlares":true,"showImageEffects":true,"showParticleSystems":true,"showVisualEffectGraphs":true,"m_FxEnabled":true},"in2DMode":false,"pivot":{"x":-2.5064828395843508,"y":1.1047749519348145,"z":1.7053077220916749},"rotation":{"x":0.11599179357290268,"y":-0.34845009446144106,"z":0.043501682579517367,"w":0.9291169047355652},"size":2.423722982406616,"orthographic":false}