{"cameraMode":{"drawMode":0,"name":"Shaded","section":"Shading Mode"},"sceneLighting":true,"audioPlay":false,"sceneViewState":{"m_AlwaysRefresh":false,"showFog":true,"showSkybox":true,"showFlares":true,"showImageEffects":true,"showParticleSystems":true,"showVisualEffectGraphs":true,"m_FxEnabled":true},"in2DMode":false,"pivot":{"x":0.48502108454704287,"y":-0.5684312582015991,"z":0.38179367780685427},"rotation":{"x":0.19214856624603272,"y":0.03826236352324486,"z":-0.0074977693147957329,"w":0.9805921316146851},"size":1.0682562589645386,"orthographic":true}