{"cameraMode":{"drawMode":0,"name":"Shaded","section":"Shading Mode"},"sceneLighting":true,"audioPlay":false,"sceneViewState":{"m_AlwaysRefresh":false,"showFog":true,"showSkybox":true,"showFlares":true,"showImageEffects":true,"showParticleSystems":true,"showVisualEffectGraphs":true,"m_FxEnabled":false},"in2DMode":false,"pivot":{"x":0.012032032012939453,"y":0.251594215631485,"z":0.1008460521697998},"rotation":{"x":0.44779059290885928,"y":0.16201098263263703,"z":-0.08287487924098969,"w":0.8754389882087708},"size":2.3737549781799318,"orthographic":false}