{"cameraMode":{"drawMode":0,"name":"Shaded","section":"Shading Mode"},"sceneLighting":true,"audioPlay":false,"sceneViewState":{"m_AlwaysRefresh":false,"showFog":true,"showSkybox":true,"showFlares":true,"showImageEffects":true,"showParticleSystems":true,"showVisualEffectGraphs":true,"m_FxEnabled":true},"in2DMode":false,"pivot":{"x":-1.6928939819335938,"y":0.8513970971107483,"z":-0.19577354192733766},"rotation":{"x":-0.10596936196088791,"y":-0.07986509054899216,"z":0.008429210633039475,"w":-0.991216778755188},"size":2.068169355392456,"orthographic":false}