{"cameraMode":{"drawMode":0,"name":"Shaded","section":"Shading Mode"},"sceneLighting":true,"audioPlay":false,"sceneViewState":{"m_AlwaysRefresh":false,"showFog":true,"showSkybox":true,"showFlares":true,"showImageEffects":true,"showParticleSystems":true,"showVisualEffectGraphs":true,"m_FxEnabled":false},"in2DMode":false,"pivot":{"x":0.5250808000564575,"y":-0.5984169244766235,"z":0.0701141357421875},"rotation":{"x":0.22098782658576966,"y":0.5918291807174683,"z":-0.17341181635856629,"w":0.7557191252708435},"size":1.3263503313064576,"orthographic":true}